bin_id,bin_index,start_norm,end_norm,token_count,mean_delta_z,median_delta_z,std_delta_z,mean_abs_delta_z,clean_rate,se,ci95_low,ci95_high,raw_p_value,fdr_p_value,bonferroni_p_value,status
pos_bin_01_of_50,0,0.0,0.02,15,-0.0626694638729379,-0.031179733585114756,0.12409581698940635,0.10871592284740769,0.6133333333333333,0.032041402168931615,-0.12547061212404387,0.0001316843781680732,0.14302292601671196,0.840624989352074,1.0,valid
pos_bin_02_of_50,1,0.02,0.04,23,-0.14515545535182642,-0.12695024023291338,0.11556483345699432,0.1492909264896399,0.5478260869565217,0.024096933533888604,-0.1923854450782481,-0.09792546562540475,0.14005265604927186,0.840624989352074,1.0,valid
pos_bin_03_of_50,2,0.04,0.06,14,-0.09970834761814587,-0.09356551487687952,0.1007371651902551,0.11489498960679745,0.5857142857142857,0.026923139875484628,-0.15247770177409575,-0.046938993462196,0.713369642630922,0.9962343944707688,1.0,valid
pos_bin_04_of_50,3,0.06,0.08,15,-0.11444521314226049,-0.10418627419871189,0.08887828360321844,0.11444521314226049,0.5866666666666667,0.022948274148984316,-0.15942383047426975,-0.06946659581025122,0.832717738368741,0.9962343944707688,1.0,valid
pos_bin_05_of_50,4,0.08,0.1,15,-0.12788417288792706,-0.11736515472414522,0.10793533113846142,0.13670903754520133,0.3333333333333333,0.027868782664442926,-0.1825069869102352,-0.07326135886561892,0.5117292384506655,0.9962343944707688,1.0,valid
pos_bin_06_of_50,5,0.1,0.12,24,-0.15629283788940693,-0.14498040967063958,0.1355256261964899,0.18202025022825583,0.6166666666666667,0.027664052604380766,-0.21051438099399322,-0.10207129478482063,0.09142666458232673,0.840624989352074,1.0,valid
pos_bin_07_of_50,6,0.12,0.14,16,-0.15908713711040143,-0.14255552289704873,0.10694723104554575,0.16635895811502854,0.5875,0.026736807761386438,-0.21149128032271886,-0.10668299389808401,0.06417404868393417,0.8021756085491771,1.0,valid
pos_bin_08_of_50,7,0.14,0.16,15,-0.10948434698167536,-0.06678910614052232,0.09338352927236912,0.11071230844246263,0.3466666666666667,0.024111523578797228,-0.15674293319611793,-0.062225760767232796,0.9962343944707688,0.9962343944707688,1.0,valid
pos_bin_09_of_50,8,0.16,0.18,18,-0.11474817902928508,-0.11606643593014732,0.1169606893409895,0.1363992249517919,0.6111111111111112,0.02756789885508894,-0.1687812607852594,-0.06071509727331076,0.8518073754811861,0.9962343944707688,1.0,valid
pos_bin_10_of_50,9,0.18,0.2,16,-0.07315633279686891,-0.05684751797573044,0.11546612211464001,0.10719869080762226,0.6875,0.028866530528660003,-0.12973473263304253,-0.016577932960695305,0.20679616197177242,0.8616506748823851,1.0,valid
pos_bin_11_of_50,10,0.2,0.22,14,-0.11079229093877574,-0.10507402176978084,0.09295840202979881,0.12210080810020671,0.42857142857142855,0.024844177972678464,-0.15948687976522552,-0.06209770211232595,0.9616639873768702,0.9962343944707688,1.0,valid
pos_bin_12_of_50,11,0.22,0.24,15,-0.09161303657745408,-0.11178372452924452,0.13922041249279515,0.13674800779833407,0.4666666666666667,0.035946555935781506,-0.1620682862115858,-0.021157786943322335,0.6168434286051632,0.9962343944707688,1.0,valid
pos_bin_13_of_50,12,0.24,0.26,12,-0.1486136169429508,-0.15153937869708728,0.10006701854076021,0.15764529943926298,0.6666666666666666,0.02888686004575559,-0.20523186263263177,-0.09199537125326984,0.17681381115609263,0.840624989352074,1.0,valid
pos_bin_14_of_50,13,0.26,0.28,12,-0.15133017548346075,-0.16440851580604432,0.10093912959909716,0.15392149474402841,0.4,0.029138616822902638,-0.20844186445634993,-0.09421848651057159,0.1520894681666447,0.840624989352074,1.0,valid
pos_bin_15_of_50,14,0.28,0.3,16,-0.1304376801710498,-0.1362000200453381,0.10995115820766344,0.14381623904030771,0.5125,0.02748778955191586,-0.1843137476928049,-0.07656161264929473,0.4483683520928432,0.9962343944707688,1.0,valid
pos_bin_16_of_50,15,0.3,0.32,20,-0.11239460788640439,-0.10460758895711744,0.12043023746715946,0.13795708067903253,0.52,0.026929019752301064,-0.16517548660091447,-0.0596137291718943,0.9172916941602134,0.9962343944707688,1.0,valid
pos_bin_17_of_50,16,0.32,0.34,19,-0.13386710266729016,-0.15757643643311672,0.12044848798544719,0.14783356466179975,0.8026315789473685,0.027632778264780906,-0.18802734806626073,-0.07970685726831958,0.3797987616660756,0.9962343944707688,1.0,valid
pos_bin_18_of_50,17,0.34,0.36,11,-0.07145531525056897,-0.05756521354343491,0.10523147909196612,0.09239187379217759,0.6363636363636364,0.03172848475292552,-0.133643145366303,-0.009267485134834955,0.22930018919599382,0.8819238045999763,1.0,valid
pos_bin_19_of_50,18,0.36,0.38,17,-0.13350264147863472,-0.10022036154871831,0.13852195339988738,0.14952792007194501,0.5882352941176471,0.033596508549095475,-0.19935179823486185,-0.06765348472240759,0.4767636787563492,0.9962343944707688,1.0,valid
pos_bin_20_of_50,19,0.38,0.4,16,-0.0769342803634797,-0.06802054264486093,0.13611936789986886,0.1260412462976373,0.8125,0.034029841974967216,-0.14363277063441543,-0.010235790092543953,0.3371260212370102,0.9915471212853241,1.0,valid
pos_bin_21_of_50,20,0.4,0.42,12,-0.09497911622976807,-0.13328460926571184,0.13579000821095372,0.1389322968839875,0.7166666666666667,0.039199198896927814,-0.17180954606774657,-0.018148686391789556,0.7091916583594073,0.9962343944707688,1.0,valid
pos_bin_22_of_50,21,0.42,0.44,15,-0.09308127291318391,-0.08372525304127558,0.07798086548068446,0.09520632338664345,0.4666666666666667,0.02013457288863545,-0.1325450357749094,-0.05361751005145843,0.4120315658789726,0.9962343944707688,1.0,valid
pos_bin_23_of_50,22,0.44,0.46,15,-0.1137592434079867,-0.10449759741485462,0.10071802489878282,0.1251748332254575,0.6266666666666667,0.02600528220639265,-0.1647295965325163,-0.0627888902834571,0.8728732942580439,0.9962343944707688,1.0,valid
pos_bin_24_of_50,23,0.46,0.48,19,-0.0949940105859093,-0.1070266249631121,0.14690535147353537,0.13692490154265421,0.5263157894736842,0.033702399017813925,-0.1610507126608246,-0.028937308510994006,0.6647778426782727,0.9962343944707688,1.0,valid
pos_bin_25_of_50,24,0.48,0.5,12,-0.08605860980367852,-0.12221703893184217,0.1267575157285152,0.12785366495336614,0.45,0.03659174291383324,-0.1577784259147917,-0.014338793692565369,0.5200283322919415,0.9962343944707688,1.0,valid
pos_bin_26_of_50,25,0.5,0.52,21,-0.09816456036274841,-0.09953262659029005,0.1322715802956698,0.13397980318767103,0.7238095238095238,0.028864025190301724,-0.1547380497357398,-0.041591070989757034,0.6920174401482153,0.9962343944707688,1.0,valid
pos_bin_27_of_50,26,0.52,0.54,15,-0.07509969955938318,-0.07998831224592676,0.1198144218566026,0.11565986380002576,0.5733333333333334,0.030935950699072786,-0.13573416292956586,-0.014465236189200523,0.26478315063108915,0.945654109396747,1.0,valid
pos_bin_28_of_50,27,0.54,0.56,18,-0.0825907031436509,-0.07654147883187354,0.12905068654255877,0.11651080972360292,0.7222222222222222,0.030417538523674282,-0.1422090786500525,-0.02297232763724931,0.3745997475838938,0.9962343944707688,1.0,valid
pos_bin_29_of_50,28,0.56,0.58,16,-0.020247155520881792,-0.02057187735649854,0.10175402672052893,0.08466607888362249,0.5625,0.02543850668013223,-0.07010662861394096,0.02961231757217738,0.00044402817510524883,0.02220140875526244,0.02220140875526244,valid
pos_bin_30_of_50,29,0.58,0.6,14,-0.07913968371436264,-0.10055528312507593,0.08596567912930603,0.09868950347279774,0.5714285714285714,0.02297529416594331,-0.12417126027961153,-0.03410810714911375,0.18493749765745626,0.840624989352074,1.0,valid
pos_bin_31_of_50,30,0.6,0.62,18,-0.10795548592866669,-0.09293490815905212,0.09565147384615812,0.11282964367426997,0.5,0.022545268595702037,-0.15214421237624268,-0.0637667594810907,0.9419172698721214,0.9962343944707688,1.0,valid
pos_bin_32_of_50,31,0.62,0.64,16,-0.10082195813230542,-0.11204192553184648,0.10366879800687011,0.11924845344698126,0.5375,0.025917199501717527,-0.15161966915567177,-0.05002424710893907,0.7348930723610498,0.9962343944707688,1.0,valid
pos_bin_33_of_50,32,0.64,0.66,21,-0.11157001257468507,-0.09845847556254975,0.10835251689162356,0.124725227839579,0.4880952380952381,0.023644457637849822,-0.15791314954487073,-0.06522687560449941,0.9335360647487807,0.9962343944707688,1.0,valid
pos_bin_34_of_50,33,0.66,0.68,9,-0.16886097397427943,-0.18653272051305375,0.06932540586191799,0.16886097397427943,0.5555555555555556,0.023108468620639328,-0.21415357247073252,-0.12356837547782634,0.010330957280372477,0.2582739320093119,0.5165478640186238,valid
pos_bin_35_of_50,34,0.68,0.7000000000000001,15,-0.10026854415173034,-0.10132359207046751,0.07819928874161569,0.10165901818574341,0.56,0.020190969532102847,-0.13984284443465192,-0.060694243868808756,0.6440326865301826,0.9962343944707688,1.0,valid
pos_bin_36_of_50,35,0.7000000000000001,0.72,14,-0.09021014801731453,-0.12964086603521396,0.14522212609273322,0.15209236429628287,0.5857142857142857,0.03881224577270657,-0.1662821497318194,-0.014138146302809657,0.6174040204688003,0.9962343944707688,1.0,valid
pos_bin_37_of_50,36,0.72,0.74,14,-0.11180455350771606,-0.07392236529548385,0.1234961381543006,0.11991985350570472,0.45714285714285713,0.03300573125450672,-0.17649578676654923,-0.0471133202488829,0.9467016257507728,0.9962343944707688,1.0,valid
pos_bin_38_of_50,37,0.74,0.76,13,-0.11322986530546912,-0.15889809912135622,0.10954147496912896,0.12625701103848969,0.46153846153846156,0.03038133883008843,-0.17277728941244244,-0.0536824411984958,0.9048491516756183,0.9962343944707688,1.0,valid
pos_bin_39_of_50,38,0.76,0.78,20,-0.11013092962772389,-0.1080006407199835,0.1339856263422229,0.1369921482663801,0.68,0.029960096850909692,-0.1688527194555069,-0.05140913979994089,0.985811758750814,0.9962343944707688,1.0,valid
pos_bin_40_of_50,39,0.78,0.8,11,-0.15120245500279725,-0.11684124271195664,0.13958203478064538,0.16494583066289267,0.45454545454545453,0.042085566985612555,-0.23369016629459785,-0.06871474371099665,0.3228760750234909,0.9915471212853241,1.0,valid
pos_bin_41_of_50,40,0.8,0.8200000000000001,18,-0.12470255983043262,-0.12198950311845583,0.13068964258112709,0.15333066236637682,0.5666666666666667,0.030803844166653715,-0.1850780943970739,-0.06432702526379133,0.6238919147523705,0.9962343944707688,1.0,valid
pos_bin_42_of_50,41,0.8200000000000001,0.84,18,-0.138625559509511,-0.1460788284897499,0.12572871066582134,0.15926570179034352,0.5694444444444444,0.029634541300547892,-0.19670926045858486,-0.08054185856043714,0.3273265744805536,0.9915471212853241,1.0,valid
pos_bin_43_of_50,42,0.84,0.86,12,-0.11131719369498663,-0.10875083304261722,0.13838575236617898,0.13989447961004145,0.5833333333333334,0.03994852569031116,-0.1896163040479965,-0.033018083341976756,0.9656762781844559,0.9962343944707688,1.0,valid
pos_bin_44_of_50,43,0.86,0.88,22,-0.06698857456378432,-0.08110203733370003,0.14849221996934742,0.1327687084735388,0.5909090909090909,0.03165864767069975,-0.12903952399835583,-0.004937625129212808,0.17833280300011767,0.840624989352074,1.0,valid
pos_bin_45_of_50,44,0.88,0.9,17,-0.1131641909634076,-0.12978244197200023,0.1168865314043916,0.1373010993575383,0.5411764705882353,0.02834914795249308,-0.16872852095029403,-0.057599860976521165,0.8998978722296613,0.9962343944707688,1.0,valid
pos_bin_46_of_50,45,0.9,0.92,18,-0.09165974731585042,-0.08238192145687218,0.14000456269670786,0.11814814280134776,0.5666666666666667,0.03299939189329976,-0.15633855542671796,-0.026980939204982873,0.5867183310297939,0.9962343944707688,1.0,valid
pos_bin_47_of_50,46,0.92,0.9400000000000001,10,-0.13616212911361902,-0.17841866509357612,0.11789601348690538,0.15357444858628974,0.54,0.03728199296725508,-0.20923483532943898,-0.06308942289779906,0.47614578546690867,0.9962343944707688,1.0,valid
pos_bin_48_of_50,47,0.9400000000000001,0.96,19,-0.11393549110185026,-0.09669099380432043,0.14535272384739376,0.15158507596313459,0.5789473684210527,0.03334620181153494,-0.17929404665245874,-0.048576935551241776,0.8965108263610946,0.9962343944707688,1.0,valid
pos_bin_49_of_50,48,0.96,0.98,19,-0.15522755790477016,-0.15817830600412192,0.09005275779979136,0.15522755790477016,0.6210526315789474,0.020659519517707087,-0.19572021615947605,-0.11473489965006428,0.027199774030439272,0.45332956717398787,1.0,valid
pos_bin_50_of_50,49,0.98,1.0,13,-0.10012907533523231,-0.1011163824519894,0.07387849088408359,0.10505092573331752,0.6153846153846154,0.020490206695112485,-0.14028988045765278,-0.05996827021281184,0.6439906572946115,0.9962343944707688,1.0,valid
